[
  {
    "id": "customer_001",
    "output": "customer_001",
    "customer_name": "John",
    "__comment__":  "use max 16 characters for 'customer_name'",
    "customer_domain": "domain.com",
	  "main_text": "This video is created to show you how my company can grow your business using the power of video marketing...",
    "__comment__":  "use max 110 characters for 'main_text'",
	  "logo": "Logo_TV_2015.png",
    "customer_main_video": "woman2.mov",
    "background": "bg.mov",
    "textcolor": "1F1F1F",
    "intro": "LogoAnimation.mp4"
  },
  {
    "id": "customer_002",
    "output": "customer_002",
    "customer_name": "Ellon",
    "__comment__":  "use max 16 characters for 'customer_name'",
    "customer_domain": "www.google.com",
	  "main_text": "specific events that are broadcast by Templater.",
    "__comment__":  "use max 110 characters for 'main_text'",
    "logo": "http://www.riocreativo.eu/media/W1siZiIsIjIwMTQvMDQvMTUvMTBfNDlfMzBfOTJfUGlla2FybmlhX1JvZ2FsaWtfTG9nb19wb2RzdGF3b3dlLnBuZyJdXQ/Piekarnia_Rogalik_Logo_podstawowe.png",
    "customer_main_video": "Alpha_AC Installation.mov",
    "background": "bgr1.jpg",
    "textcolor": "FFFFFF",
    "intro": "Bran_Vis_Tv_v1.mp4"
  },
  {
    "id": "customer_003",
    "output": "customer_003",
    "customer_name": "Jason",
    "__comment__":  "use max 16 characters for 'customer_name'",
    "customer_domain": "instagram.com",
	  "main_text": "command line application like ffmpeg within a script. You can also automate publishing output to a specific destination",
    "__comment__":  "use max 110 characters for 'main_text'",
    "logo": "https://s-media-cache-ak0.pinimg.com/originals/29/04/d5/2904d51ab5068bcae34f2548aee4e62c.png",
    "customer_main_video": "Alpha_AccidentAttorney.mov",
    "background": "bgr2.jpg",
    "textcolor": "1F1F1F",
    "intro": "Bran_Vis_Tv_v2.mp4"
  },
  {
    "id": "customer_004",
    "output": "customer_004",
    "customer_name": "Invisible Logo",
    "__comment__":  "use max 16 characters for 'customer_name'",
    "customer_domain": "facebook.com",
	  "main_text": "For example, in a production scenario, you can merge, transcode, or compress Templater's",
    "__comment__":  "use max 110 characters for 'main_text'",
    "logo": "{{off}}",
    "__comment__": "this command {{off}} allows us to hide the logo layer for customers who don't have the logo",
    "customer_main_video": "green.mov",
    "background": "bgr3.jpg",
    "textcolor": "FFFFFF",
    "intro": "JM_Animation.mov"
  },
  {
    "id": "customer_005",
    "output": "customer_005",
    "customer_name": "Tesla Driver",
    "__comment__":  "use max 16 characters for 'customer_name'",
    "customer_domain": "teslamotors.com",
    "main_text": "Use event scripts when you want to seamlessly integrate Templater into your existing application. Use event scripts when you want to seamlessly integrate Templater into your existing application.",
    "__comment__":  "use max 110 characters for 'main_text'",
    "logo": "Tesla-logo-2003-2500x2500.png",
    "customer_main_video": "Alpha_AirDuctCleaning.mov",
    "background": "bgr3.jpg",
    "textcolor": "FF0000",
    "intro": "ZI_In_v1.mp4"
  },
  {
    "id": "alpha_video_001",
    "output": "alpha_video_001",
    "customer_name": "John",
    "customer_domain": "www.internet.com",
	  "main_text": "This video is created to show you how my company can grow your business using the power of video marketing...",
	  "logo": "Logo_TV_2015.png",
    "customer_main_video": "Alpha_AC Installation.mov",
    "background": "bg.mov",
    "textcolor": "1F1F1F",
    "intro": "CustomerLogo_001.mov"
  },
  {
    "id": "alpha_video_002",
    "output": "alpha_video_002",
    "customer_name": "John",
    "customer_domain": "www.internet.com",
	  "main_text": "This video is created to show you how my company can grow your business using the power of video marketing...",
	  "logo": "Logo_TV_2015.png",
    "customer_main_video": "Alpha_AccidentAttorney.mov",
    "background": "bg.mov",
    "textcolor": "1F1F1F",
    "intro": "CustomerLogo_001.mov"
  },
  {
    "id": "alpha_video_003",
    "output": "alpha_video_003",
    "customer_name": "John",
    "customer_domain": "www.internet.com",
	  "main_text": "This video is created to show you how my company can grow your business using the power of video marketing...",
	  "logo": "Logo_TV_2015.png",
    "customer_main_video": "Alpha_Acupuncture.mov",
    "background": "bg.mov",
    "textcolor": "1F1F1F",
    "intro": "CustomerLogo_001.mov"
  },
  {
    "id": "alpha_video_004",
    "output": "alpha_video_004",
    "customer_name": "John",
    "customer_domain": "www.internet.com",
	  "main_text": "This video is created to show you how my company can grow your business using the power of video marketing...",
	  "logo": "Logo_TV_2015.png",
    "customer_main_video": "Alpha_AirDuctCleaning.mov",
    "background": "bg.mov",
    "textcolor": "1F1F1F",
    "intro": "CustomerLogo_001.mov"
  },
  {
    "id": "alpha_video_005",
    "output": "alpha_video_005",
    "customer_name": "John",
    "customer_domain": "www.internet.com",
	  "main_text": "This video is created to show you how my company can grow your business using the power of video marketing...",
	  "logo": "Logo_TV_2015.png",
    "customer_main_video": "Alpha_AirportTransportation.mov",
    "background": "bg.mov",
    "textcolor": "1F1F1F",
    "intro": "CustomerLogo_001.mov"
  },
  {
    "id": "alpha_video_006",
    "output": "alpha_video_006",
    "customer_name": "John",
    "customer_domain": "www.internet.com",
	  "main_text": "This video is created to show you how my company can grow your business using the power of video marketing...",
	  "logo": "Logo_TV_2015.png",
    "customer_main_video": "Alpha_AlarmInstallationCompany.mov",
    "background": "bg.mov",
    "textcolor": "1F1F1F",
    "intro": "CustomerLogo_001.mov"
  },
  {
    "id": "alpha_video_007",
    "output": "alpha_video_007",
    "customer_name": "John",
    "customer_domain": "www.internet.com",
	  "main_text": "This video is created to show you how my company can grow your business using the power of video marketing...",
	  "logo": "Logo_TV_2015.png",
    "customer_main_video": "Alpha_Allergist.mov",
    "background": "bg.mov",
    "textcolor": "1F1F1F",
    "intro": "CustomerLogo_001.mov"
  },
  {
    "id": "alpha_video_008",
    "output": "alpha_video_008",
    "customer_name": "John",
    "customer_domain": "www.internet.com",
	  "main_text": "This video is created to show you how my company can grow your business using the power of video marketing...",
	  "logo": "Logo_TV_2015.png",
    "customer_main_video": "Alpha_AnimalTraining.mov",
    "background": "bg.mov",
    "textcolor": "1F1F1F",
    "intro": "CustomerLogo_001.mov"
  },
  {
    "id": "alpha_video_009",
    "output": "alpha_video_009",
    "customer_name": "John",
    "customer_domain": "www.internet.com",
	  "main_text": "This video is created to show you how my company can grow your business using the power of video marketing...",
	  "logo": "Logo_TV_2015.png",
    "customer_main_video": "Alpha_ApplianceRepair.mov",
    "background": "bg.mov",
    "textcolor": "1F1F1F",
    "intro": "CustomerLogo_001.mov"
  },
  {
    "id": "alpha_video_010",
    "output": "alpha_video_010",
    "customer_name": "John",
    "customer_domain": "www.internet.com",
	  "main_text": "This video is created to show you how my company can grow your business using the power of video marketing...",
	  "logo": "Logo_TV_2015.png",
    "customer_main_video": "Alpha_Architect.mov",
    "background": "bg.mov",
    "textcolor": "1F1F1F",
    "intro": "CustomerLogo_001.mov"
  },
  {
    "id": "alpha_video_011",
    "output": "alpha_video_011",
    "customer_name": "John",
    "customer_domain": "www.internet.com",
	  "main_text": "This video is created to show you how my company can grow your business using the power of video marketing...",
	  "logo": "Logo_TV_2015.png",
    "customer_main_video": "Alpha_AsbestosRemoval.mov",
    "background": "bg.mov",
    "textcolor": "1F1F1F",
    "intro": "CustomerLogo_001.mov"
  },
  {
    "id": "alpha_video_012",
    "output": "alpha_video_012",
    "customer_name": "John",
    "customer_domain": "www.internet.com",
	  "main_text": "This video is created to show you how my company can grow your business using the power of video marketing...",
	  "logo": "Logo_TV_2015.png",
    "customer_main_video": "Alpha_AsbestosRemoval2.mov",
    "background": "bg.mov",
    "textcolor": "1F1F1F",
    "intro": "CustomerLogo_001.mov"
  },
  {
    "id": "alpha_video_013",
    "output": "alpha_video_013",
    "customer_name": "John",
    "customer_domain": "www.internet.com",
	  "main_text": "This video is created to show you how my company can grow your business using the power of video marketing...",
	  "logo": "Logo_TV_2015.png",
    "customer_main_video": "Alpha_Auditor.mov",
    "background": "bg.mov",
    "textcolor": "1F1F1F",
    "intro": "CustomerLogo_001.mov"
  },
  {
    "id": "alpha_video_014",
    "output": "alpha_video_014",
    "customer_name": "John",
    "customer_domain": "www.internet.com",
	  "main_text": "This video is created to show you how my company can grow your business using the power of video marketing...",
	  "logo": "Logo_TV_2015.png",
    "customer_main_video": "Alpha_AutobodyShop.mov",
    "background": "bg.mov",
    "textcolor": "1F1F1F",
    "intro": "CustomerLogo_001.mov"
  },
  {
    "id": "alpha_video_015",
    "output": "alpha_video_015",
    "customer_name": "John",
    "customer_domain": "www.internet.com",
	  "main_text": "This video is created to show you how my company can grow your business using the power of video marketing...",
	  "logo": "Logo_TV_2015.png",
    "customer_main_video": "Alpha_AutoDetailing.mov",
    "background": "bg.mov",
    "textcolor": "1F1F1F",
    "intro": "CustomerLogo_001.mov"
  },
  {
    "id": "alpha_video_016",
    "output": "alpha_video_016",
    "customer_name": "John",
    "customer_domain": "www.internet.com",
	  "main_text": "This video is created to show you how my company can grow your business using the power of video marketing...",
	  "logo": "Logo_TV_2015.png",
    "customer_main_video": "Alpha_AutoPartsStore.mov",
    "background": "bg.mov",
    "textcolor": "1F1F1F",
    "intro": "CustomerLogo_001.mov"
  },
  {
    "id": "alpha_video_017",
    "output": "alpha_video_017",
    "customer_name": "John",
    "customer_domain": "www.internet.com",
	  "main_text": "This video is created to show you how my company can grow your business using the power of video marketing...",
	  "logo": "Logo_TV_2015.png",
    "customer_main_video": "Alpha_BailBonds.mov",
    "background": "bg.mov",
    "textcolor": "1F1F1F",
    "intro": "CustomerLogo_001.mov"
  },
  {
    "id": "alpha_video_018",
    "output": "alpha_video_018",
    "customer_name": "John",
    "customer_domain": "www.internet.com",
	  "main_text": "This video is created to show you how my company can grow your business using the power of video marketing...",
	  "logo": "Logo_TV_2015.png",
    "customer_main_video": "Alpha_Bakery.mov",
    "background": "bg.mov",
    "textcolor": "1F1F1F",
    "intro": "CustomerLogo_001.mov"
  },
  {
    "id": "alpha_video_019",
    "output": "alpha_video_019",
    "customer_name": "John",
    "customer_domain": "www.internet.com",
	  "main_text": "This video is created to show you how my company can grow your business using the power of video marketing...",
	  "logo": "Logo_TV_2015.png",
    "customer_main_video": "Alpha_BankruptcyAttorney.mov",
    "background": "bg.mov",
    "textcolor": "1F1F1F",
    "intro": "CustomerLogo_001.mov"
  },
  {
    "id": "alpha_video_020",
    "output": "alpha_video_020",
    "customer_name": "John",
    "customer_domain": "www.internet.com",
	  "main_text": "This video is created to show you how my company can grow your business using the power of video marketing...",
	  "logo": "Logo_TV_2015.png",
    "customer_main_video": "Alpha_BankruptcyLawyer2.mov",
    "background": "bg.mov",
    "textcolor": "1F1F1F",
    "intro": "CustomerLogo_001.mov"
  },
  {
    "id": "alpha_video_021",
    "output": "alpha_video_021",
    "customer_name": "John",
    "customer_domain": "www.internet.com",
	  "main_text": "This video is created to show you how my company can grow your business using the power of video marketing...",
	  "logo": "Logo_TV_2015.png",
    "customer_main_video": "Alpha_BasementFinishing.mov",
    "background": "bg.mov",
    "textcolor": "1F1F1F",
    "intro": "CustomerLogo_001.mov"
  },
  {
    "id": "alpha_video_022",
    "output": "alpha_video_022",
    "customer_name": "John",
    "customer_domain": "www.internet.com",
	  "main_text": "This video is created to show you how my company can grow your business using the power of video marketing...",
	  "logo": "Logo_TV_2015.png",
    "customer_main_video": "Alpha_BathroomRemodeling.mov",
    "background": "bg.mov",
    "textcolor": "1F1F1F",
    "intro": "CustomerLogo_001.mov"
  },
  {
    "id": "alpha_video_023",
    "output": "alpha_video_023",
    "customer_name": "John",
    "customer_domain": "www.internet.com",
	  "main_text": "This video is created to show you how my company can grow your business using the power of video marketing...",
	  "logo": "Logo_TV_2015.png",
    "customer_main_video": "Alpha_BeautySalon.mov",
    "background": "bg.mov",
    "textcolor": "1F1F1F",
    "intro": "CustomerLogo_001.mov"
  },
  {
    "id": "alpha_video_024",
    "output": "alpha_video_024",
    "customer_name": "John",
    "customer_domain": "www.internet.com",
	  "main_text": "This video is created to show you how my company can grow your business using the power of video marketing...",
	  "logo": "Logo_TV_2015.png",
    "customer_main_video": "Alpha_Blinds.mov",
    "background": "bg.mov",
    "textcolor": "1F1F1F",
    "intro": "CustomerLogo_001.mov"
  },
  {
    "id": "alpha_video_025",
    "output": "alpha_video_025",
    "customer_name": "John",
    "customer_domain": "www.internet.com",
	  "main_text": "This video is created to show you how my company can grow your business using the power of video marketing...",
	  "logo": "Logo_TV_2015.png",
    "customer_main_video": "Alpha_BrakeShop.mov",
    "background": "bg.mov",
    "textcolor": "1F1F1F",
    "intro": "CustomerLogo_001.mov"
  },
  {
    "id": "alpha_video_026",
    "output": "alpha_video_026",
    "customer_name": "John",
    "customer_domain": "www.internet.com",
	  "main_text": "This video is created to show you how my company can grow your business using the power of video marketing...",
	  "logo": "Logo_TV_2015.png",
    "customer_main_video": "Alpha_BusinessLending.mov",
    "background": "bg.mov",
    "textcolor": "1F1F1F",
    "intro": "CustomerLogo_001.mov"
  },
  {
    "id": "alpha_video_027",
    "output": "alpha_video_027",
    "customer_name": "John",
    "customer_domain": "www.internet.com",
	  "main_text": "This video is created to show you how my company can grow your business using the power of video marketing...",
	  "logo": "Logo_TV_2015.png",
    "customer_main_video": "Alpha_BusinessServices.mov",
    "background": "bg.mov",
    "textcolor": "1F1F1F",
    "intro": "CustomerLogo_001.mov"
  },
  {
    "id": "alpha_video_028",
    "output": "alpha_video_028",
    "customer_name": "John",
    "customer_domain": "www.internet.com",
	  "main_text": "This video is created to show you how my company can grow your business using the power of video marketing...",
	  "logo": "Logo_TV_2015.png",
    "customer_main_video": "Alpha_CarDealer.mov",
    "background": "bg.mov",
    "textcolor": "1F1F1F",
    "intro": "CustomerLogo_001.mov"
  },
  {
    "id": "alpha_video_029",
    "output": "alpha_video_029",
    "customer_name": "John",
    "customer_domain": "www.internet.com",
	  "main_text": "This video is created to show you how my company can grow your business using the power of video marketing...",
	  "logo": "Logo_TV_2015.png",
    "customer_main_video": "Alpha_Cardiologist.mov",
    "background": "bg.mov",
    "textcolor": "1F1F1F",
    "intro": "CustomerLogo_001.mov"
  },
  {
    "id": "alpha_video_030",
    "output": "alpha_video_030",
    "customer_name": "John",
    "customer_domain": "www.internet.com",
	  "main_text": "This video is created to show you how my company can grow your business using the power of video marketing...",
	  "logo": "Logo_TV_2015.png",
    "customer_main_video": "Alpha_CarFinance.mov",
    "background": "bg.mov",
    "textcolor": "1F1F1F",
    "intro": "CustomerLogo_001.mov"
  },
  {
    "id": "alpha_video_031",
    "output": "alpha_video_031",
    "customer_name": "John",
    "customer_domain": "www.internet.com",
	  "main_text": "This video is created to show you how my company can grow your business using the power of video marketing...",
	  "logo": "Logo_TV_2015.png",
    "customer_main_video": "Alpha_CarInsurance.mov",
    "background": "bg.mov",
    "textcolor": "1F1F1F",
    "intro": "CustomerLogo_001.mov"
  },
  {
    "id": "alpha_video_032",
    "output": "alpha_video_032",
    "customer_name": "John",
    "customer_domain": "www.internet.com",
	  "main_text": "This video is created to show you how my company can grow your business using the power of video marketing...",
	  "logo": "Logo_TV_2015.png",
    "customer_main_video": "Alpha_Carpet Installation.mov",
    "background": "bg.mov",
    "textcolor": "1F1F1F",
    "intro": "CustomerLogo_001.mov"
  },
  {
    "id": "alpha_video_033",
    "output": "alpha_video_033",
    "customer_name": "John",
    "customer_domain": "www.internet.com",
	  "main_text": "This video is created to show you how my company can grow your business using the power of video marketing...",
	  "logo": "Logo_TV_2015.png",
    "customer_main_video": "Alpha_Carpet-Flooring.mov",
    "background": "bg.mov",
    "textcolor": "1F1F1F",
    "intro": "CustomerLogo_001.mov"
  },
  {
    "id": "alpha_video_034",
    "output": "alpha_video_034",
    "customer_name": "John",
    "customer_domain": "www.internet.com",
	  "main_text": "This video is created to show you how my company can grow your business using the power of video marketing...",
	  "logo": "Logo_TV_2015.png",
    "customer_main_video": "Alpha_CarpetCleaning.mov",
    "background": "bg.mov",
    "textcolor": "1F1F1F",
    "intro": "CustomerLogo_001.mov"
  },
  {
    "id": "alpha_video_035",
    "output": "alpha_video_035",
    "customer_name": "John",
    "customer_domain": "www.internet.com",
	  "main_text": "This video is created to show you how my company can grow your business using the power of video marketing...",
	  "logo": "Logo_TV_2015.png",
    "customer_main_video": "Alpha_CarpetInstallation.mov",
    "background": "bg.mov",
    "textcolor": "1F1F1F",
    "intro": "CustomerLogo_001.mov"
  },
  {
    "id": "alpha_video_036",
    "output": "alpha_video_036",
    "customer_name": "John",
    "customer_domain": "www.internet.com",
	  "main_text": "This video is created to show you how my company can grow your business using the power of video marketing...",
	  "logo": "Logo_TV_2015.png",
    "customer_main_video": "Alpha_CarRental.mov",
    "background": "bg.mov",
    "textcolor": "1F1F1F",
    "intro": "CustomerLogo_001.mov"
  },
  {
    "id": "alpha_video_037",
    "output": "alpha_video_037",
    "customer_name": "John",
    "customer_domain": "www.internet.com",
	  "main_text": "This video is created to show you how my company can grow your business using the power of video marketing...",
	  "logo": "Logo_TV_2015.png",
    "customer_main_video": "Alpha_Catering.mov",
    "background": "bg.mov",
    "textcolor": "1F1F1F",
    "intro": "CustomerLogo_001.mov"
  },
  {
    "id": "alpha_video_038",
    "output": "alpha_video_038",
    "customer_name": "John",
    "customer_domain": "www.internet.com",
	  "main_text": "This video is created to show you how my company can grow your business using the power of video marketing...",
	  "logo": "Logo_TV_2015.png",
    "customer_main_video": "Alpha_ChildCare.mov",
    "background": "bg.mov",
    "textcolor": "1F1F1F",
    "intro": "CustomerLogo_001.mov"
  },
  {
    "id": "alpha_video_039",
    "output": "alpha_video_039",
    "customer_name": "John",
    "customer_domain": "www.internet.com",
	  "main_text": "This video is created to show you how my company can grow your business using the power of video marketing...",
	  "logo": "Logo_TV_2015.png",
    "customer_main_video": "Alpha_Chiropractor.mov",
    "background": "bg.mov",
    "textcolor": "1F1F1F",
    "intro": "CustomerLogo_001.mov"
  },
  {
    "id": "alpha_video_040",
    "output": "alpha_video_040",
    "customer_name": "John",
    "customer_domain": "www.internet.com",
	  "main_text": "This video is created to show you how my company can grow your business using the power of video marketing...",
	  "logo": "Logo_TV_2015.png",
    "customer_main_video": "Alpha_Chiropractor2.mov",
    "background": "bg.mov",
    "textcolor": "1F1F1F",
    "intro": "CustomerLogo_001.mov"
  },
  {
    "id": "alpha_video_041",
    "output": "alpha_video_041",
    "customer_name": "John",
    "customer_domain": "www.internet.com",
	  "main_text": "This video is created to show you how my company can grow your business using the power of video marketing...",
	  "logo": "Logo_TV_2015.png",
    "customer_main_video": "Alpha_ChristmasLightInstallation.mov",
    "background": "bg.mov",
    "textcolor": "1F1F1F",
    "intro": "CustomerLogo_001.mov"
  },
  {
    "id": "alpha_video_042",
    "output": "alpha_video_042",
    "customer_name": "John",
    "customer_domain": "www.internet.com",
	  "main_text": "This video is created to show you how my company can grow your business using the power of video marketing...",
	  "logo": "Logo_TV_2015.png",
    "customer_main_video": "Alpha_CleaningService.mov",
    "background": "bg.mov",
    "textcolor": "1F1F1F",
    "intro": "CustomerLogo_001.mov"
  },
  {
    "id": "alpha_video_043",
    "output": "alpha_video_043",
    "customer_name": "John",
    "customer_domain": "www.internet.com",
	  "main_text": "This video is created to show you how my company can grow your business using the power of video marketing...",
	  "logo": "Logo_TV_2015.png",
    "customer_main_video": "Alpha_CommercialContractor.mov",
    "background": "bg.mov",
    "textcolor": "1F1F1F",
    "intro": "CustomerLogo_001.mov"
  },
  {
    "id": "alpha_video_044",
    "output": "alpha_video_044",
    "customer_name": "John",
    "customer_domain": "www.internet.com",
	  "main_text": "This video is created to show you how my company can grow your business using the power of video marketing...",
	  "logo": "Logo_TV_2015.png",
    "customer_main_video": "Alpha_ComputerRepair.mov",
    "background": "bg.mov",
    "textcolor": "1F1F1F",
    "intro": "CustomerLogo_001.mov"
  },
  {
    "id": "alpha_video_045",
    "output": "alpha_video_045",
    "customer_name": "John",
    "customer_domain": "www.internet.com",
	  "main_text": "This video is created to show you how my company can grow your business using the power of video marketing...",
	  "logo": "Logo_TV_2015.png",
    "customer_main_video": "Alpha_ConcreteCompany.mov",
    "background": "bg.mov",
    "textcolor": "1F1F1F",
    "intro": "CustomerLogo_001.mov"
  },
  {
    "id": "alpha_video_046",
    "output": "alpha_video_046",
    "customer_name": "John",
    "customer_domain": "www.internet.com",
	  "main_text": "This video is created to show you how my company can grow your business using the power of video marketing...",
	  "logo": "Logo_TV_2015.png",
    "customer_main_video": "Alpha_ConstructionContractor.mov",
    "background": "bg.mov",
    "textcolor": "1F1F1F",
    "intro": "CustomerLogo_001.mov"
  },
  {
    "id": "alpha_video_047",
    "output": "alpha_video_047",
    "customer_name": "John",
    "customer_domain": "www.internet.com",
	  "main_text": "This video is created to show you how my company can grow your business using the power of video marketing...",
	  "logo": "Logo_TV_2015.png",
    "customer_main_video": "Alpha_Cosmetic Dentist.mov",
    "background": "bg.mov",
    "textcolor": "1F1F1F",
    "intro": "CustomerLogo_001.mov"
  },
  {
    "id": "alpha_video_048",
    "output": "alpha_video_048",
    "customer_name": "John",
    "customer_domain": "www.internet.com",
	  "main_text": "This video is created to show you how my company can grow your business using the power of video marketing...",
	  "logo": "Logo_TV_2015.png",
    "customer_main_video": "Alpha_CPA.mov",
    "background": "bg.mov",
    "textcolor": "1F1F1F",
    "intro": "CustomerLogo_001.mov"
  },
  {
    "id": "alpha_video_049",
    "output": "alpha_video_049",
    "customer_name": "John",
    "customer_domain": "www.internet.com",
	  "main_text": "This video is created to show you how my company can grow your business using the power of video marketing...",
	  "logo": "Logo_TV_2015.png",
    "customer_main_video": "Alpha_CreditRepair.mov",
    "background": "bg.mov",
    "textcolor": "1F1F1F",
    "intro": "CustomerLogo_001.mov"
  },
  {
    "id": "alpha_video_050",
    "output": "alpha_video_050",
    "customer_name": "John",
    "customer_domain": "www.internet.com",
	  "main_text": "This video is created to show you how my company can grow your business using the power of video marketing...",
	  "logo": "Logo_TV_2015.png",
    "customer_main_video": "Alpha_CreditRepair2.mov",
    "background": "bg.mov",
    "textcolor": "1F1F1F",
    "intro": "CustomerLogo_001.mov"
  },
  {
    "id": "alpha_video_051",
    "output": "alpha_video_051",
    "customer_name": "John",
    "customer_domain": "www.internet.com",
	  "main_text": "This video is created to show you how my company can grow your business using the power of video marketing...",
	  "logo": "Logo_TV_2015.png",
    "customer_main_video": "Alpha_Curbing.mov",
    "background": "bg.mov",
    "textcolor": "1F1F1F",
    "intro": "CustomerLogo_001.mov"
  },
  {
    "id": "alpha_video_052",
    "output": "alpha_video_052",
    "customer_name": "John",
    "customer_domain": "www.internet.com",
	  "main_text": "This video is created to show you how my company can grow your business using the power of video marketing...",
	  "logo": "Logo_TV_2015.png",
    "customer_main_video": "Alpha_CustodyAttorney.mov",
    "background": "bg.mov",
    "textcolor": "1F1F1F",
    "intro": "CustomerLogo_001.mov"
  },
  {
    "id": "alpha_video_053",
    "output": "alpha_video_053",
    "customer_name": "John",
    "customer_domain": "www.internet.com",
	  "main_text": "This video is created to show you how my company can grow your business using the power of video marketing...",
	  "logo": "Logo_TV_2015.png",
    "customer_main_video": "Alpha_CustomHomeUpgrades.mov",
    "background": "bg.mov",
    "textcolor": "1F1F1F",
    "intro": "CustomerLogo_001.mov"
  },
  {
    "id": "alpha_video_054",
    "output": "alpha_video_054",
    "customer_name": "John",
    "customer_domain": "www.internet.com",
	  "main_text": "This video is created to show you how my company can grow your business using the power of video marketing...",
	  "logo": "Logo_TV_2015.png",
    "customer_main_video": "Alpha_DanceClasses.mov",
    "background": "bg.mov",
    "textcolor": "1F1F1F",
    "intro": "CustomerLogo_001.mov"
  },
  {
    "id": "alpha_video_055",
    "output": "alpha_video_055",
    "customer_name": "John",
    "customer_domain": "www.internet.com",
	  "main_text": "This video is created to show you how my company can grow your business using the power of video marketing...",
	  "logo": "Logo_TV_2015.png",
    "customer_main_video": "Alpha_DatingService.mov",
    "background": "bg.mov",
    "textcolor": "1F1F1F",
    "intro": "CustomerLogo_001.mov"
  },
  {
    "id": "alpha_video_056",
    "output": "alpha_video_056",
    "customer_name": "John",
    "customer_domain": "www.internet.com",
	  "main_text": "This video is created to show you how my company can grow your business using the power of video marketing...",
	  "logo": "Logo_TV_2015.png",
    "customer_main_video": "Alpha_DaySpa.mov",
    "background": "bg.mov",
    "textcolor": "1F1F1F",
    "intro": "CustomerLogo_001.mov"
  },
  {
    "id": "alpha_video_057",
    "output": "alpha_video_057",
    "customer_name": "John",
    "customer_domain": "www.internet.com",
	  "main_text": "This video is created to show you how my company can grow your business using the power of video marketing...",
	  "logo": "Logo_TV_2015.png",
    "customer_main_video": "Alpha_DeckCompany.mov",
    "background": "bg.mov",
    "textcolor": "1F1F1F",
    "intro": "CustomerLogo_001.mov"
  },
  {
    "id": "alpha_video_058",
    "output": "alpha_video_058",
    "customer_name": "John",
    "customer_domain": "www.internet.com",
	  "main_text": "This video is created to show you how my company can grow your business using the power of video marketing...",
	  "logo": "Logo_TV_2015.png",
    "customer_main_video": "Alpha_DentalInsurance.mov",
    "background": "bg.mov",
    "textcolor": "1F1F1F",
    "intro": "CustomerLogo_001.mov"
  },
  {
    "id": "alpha_video_059",
    "output": "alpha_video_059",
    "customer_name": "John",
    "customer_domain": "www.internet.com",
	  "main_text": "This video is created to show you how my company can grow your business using the power of video marketing...",
	  "logo": "Logo_TV_2015.png",
    "customer_main_video": "Alpha_Dentist.mov",
    "background": "bg.mov",
    "textcolor": "1F1F1F",
    "intro": "CustomerLogo_001.mov"
  },
  {
    "id": "alpha_video_060",
    "output": "alpha_video_060",
    "customer_name": "John",
    "customer_domain": "www.internet.com",
	  "main_text": "This video is created to show you how my company can grow your business using the power of video marketing...",
	  "logo": "Logo_TV_2015.png",
    "customer_main_video": "Alpha_Dentist2.mov",
    "background": "bg.mov",
    "textcolor": "1F1F1F",
    "intro": "CustomerLogo_001.mov"
  },
  {
    "id": "alpha_video_061",
    "output": "alpha_video_061",
    "customer_name": "John",
    "customer_domain": "www.internet.com",
	  "main_text": "This video is created to show you how my company can grow your business using the power of video marketing...",
	  "logo": "Logo_TV_2015.png",
    "customer_main_video": "Alpha_DentRepair.mov",
    "background": "bg.mov",
    "textcolor": "1F1F1F",
    "intro": "CustomerLogo_001.mov"
  },
  {
    "id": "alpha_video_062",
    "output": "alpha_video_062",
    "customer_name": "John",
    "customer_domain": "www.internet.com",
	  "main_text": "This video is created to show you how my company can grow your business using the power of video marketing...",
	  "logo": "Logo_TV_2015.png",
    "customer_main_video": "Alpha_Dermatologist.mov",
    "background": "bg.mov",
    "textcolor": "1F1F1F",
    "intro": "CustomerLogo_001.mov"
  },
  {
    "id": "alpha_video_063",
    "output": "alpha_video_063",
    "customer_name": "John",
    "customer_domain": "www.internet.com",
	  "main_text": "This video is created to show you how my company can grow your business using the power of video marketing...",
	  "logo": "Logo_TV_2015.png",
    "customer_main_video": "Alpha_DigitalMediaAttorney.mov",
    "background": "bg.mov",
    "textcolor": "1F1F1F",
    "intro": "CustomerLogo_001.mov"
  },
  {
    "id": "alpha_video_064",
    "output": "alpha_video_064",
    "customer_name": "John",
    "customer_domain": "www.internet.com",
	  "main_text": "This video is created to show you how my company can grow your business using the power of video marketing...",
	  "logo": "Logo_TV_2015.png",
    "customer_main_video": "Alpha_DisasterRecovery.mov",
    "background": "bg.mov",
    "textcolor": "1F1F1F",
    "intro": "CustomerLogo_001.mov"
  },
  {
    "id": "alpha_video_065",
    "output": "alpha_video_065",
    "customer_name": "John",
    "customer_domain": "www.internet.com",
	  "main_text": "This video is created to show you how my company can grow your business using the power of video marketing...",
	  "logo": "Logo_TV_2015.png",
    "customer_main_video": "Alpha_DivorceAttorney.mov",
    "background": "bg.mov",
    "textcolor": "1F1F1F",
    "intro": "CustomerLogo_001.mov"
  },
  {
    "id": "alpha_video_066",
    "output": "alpha_video_066",
    "customer_name": "John",
    "customer_domain": "www.internet.com",
	  "main_text": "This video is created to show you how my company can grow your business using the power of video marketing...",
	  "logo": "Logo_TV_2015.png",
    "customer_main_video": "Alpha_DJ.mov",
    "background": "bg.mov",
    "textcolor": "1F1F1F",
    "intro": "CustomerLogo_001.mov"
  },
  {
    "id": "alpha_video_067",
    "output": "alpha_video_067",
    "customer_name": "John",
    "customer_domain": "www.internet.com",
	  "main_text": "This video is created to show you how my company can grow your business using the power of video marketing...",
	  "logo": "Logo_TV_2015.png",
    "customer_main_video": "Alpha_DogTraining.mov",
    "background": "bg.mov",
    "textcolor": "1F1F1F",
    "intro": "CustomerLogo_001.mov"
  },
  {
    "id": "alpha_video_068",
    "output": "alpha_video_068",
    "customer_name": "John",
    "customer_domain": "www.internet.com",
	  "main_text": "This video is created to show you how my company can grow your business using the power of video marketing...",
	  "logo": "Logo_TV_2015.png",
    "customer_main_video": "Alpha_DryCleaners.mov",
    "background": "bg.mov",
    "textcolor": "1F1F1F",
    "intro": "CustomerLogo_001.mov"
  },
  {
    "id": "alpha_video_069",
    "output": "alpha_video_069",
    "customer_name": "John",
    "customer_domain": "www.internet.com",
	  "main_text": "This video is created to show you how my company can grow your business using the power of video marketing...",
	  "logo": "Logo_TV_2015.png",
    "customer_main_video": "Alpha_DryCleaning.mov",
    "background": "bg.mov",
    "textcolor": "1F1F1F",
    "intro": "CustomerLogo_001.mov"
  },
  {
    "id": "alpha_video_070",
    "output": "alpha_video_070",
    "customer_name": "John",
    "customer_domain": "www.internet.com",
	  "main_text": "This video is created to show you how my company can grow your business using the power of video marketing...",
	  "logo": "Logo_TV_2015.png",
    "customer_main_video": "Alpha_DryCleaning2.mov",
    "background": "bg.mov",
    "textcolor": "1F1F1F",
    "intro": "CustomerLogo_001.mov"
  },
  {
    "id": "alpha_video_071",
    "output": "alpha_video_071",
    "customer_name": "John",
    "customer_domain": "www.internet.com",
	  "main_text": "This video is created to show you how my company can grow your business using the power of video marketing...",
	  "logo": "Logo_TV_2015.png",
    "customer_main_video": "Alpha_DrywalInstallation.mov",
    "background": "bg.mov",
    "textcolor": "1F1F1F",
    "intro": "CustomerLogo_001.mov"
  },
  {
    "id": "alpha_video_072",
    "output": "alpha_video_072",
    "customer_name": "John",
    "customer_domain": "www.internet.com",
	  "main_text": "This video is created to show you how my company can grow your business using the power of video marketing...",
	  "logo": "Logo_TV_2015.png",
    "customer_main_video": "Alpha_DuctCleaning.mov",
    "background": "bg.mov",
    "textcolor": "1F1F1F",
    "intro": "CustomerLogo_001.mov"
  },
  {
    "id": "alpha_video_073",
    "output": "alpha_video_073",
    "customer_name": "John",
    "customer_domain": "www.internet.com",
	  "main_text": "This video is created to show you how my company can grow your business using the power of video marketing...",
	  "logo": "Logo_TV_2015.png",
    "customer_main_video": "Alpha_DUI.mov",
    "background": "bg.mov",
    "textcolor": "1F1F1F",
    "intro": "CustomerLogo_001.mov"
  },
  {
    "id": "alpha_video_074",
    "output": "alpha_video_074",
    "customer_name": "John",
    "customer_domain": "www.internet.com",
	  "main_text": "This video is created to show you how my company can grow your business using the power of video marketing...",
	  "logo": "Logo_TV_2015.png",
    "customer_main_video": "Alpha_DUIAttorney.mov",
    "background": "bg.mov",
    "textcolor": "1F1F1F",
    "intro": "CustomerLogo_001.mov"
  },
  {
    "id": "alpha_video_075",
    "output": "alpha_video_075",
    "customer_name": "John",
    "customer_domain": "www.internet.com",
	  "main_text": "This video is created to show you how my company can grow your business using the power of video marketing...",
	  "logo": "Logo_TV_2015.png",
    "customer_main_video": "Alpha_DumpsterRental.mov",
    "background": "bg.mov",
    "textcolor": "1F1F1F",
    "intro": "CustomerLogo_001.mov"
  },
  {
    "id": "alpha_video_076",
    "output": "alpha_video_076",
    "customer_name": "John",
    "customer_domain": "www.internet.com",
	  "main_text": "This video is created to show you how my company can grow your business using the power of video marketing...",
	  "logo": "Logo_TV_2015.png",
    "customer_main_video": "Alpha_Electrician.mov",
    "background": "bg.mov",
    "textcolor": "1F1F1F",
    "intro": "CustomerLogo_001.mov"
  },
  {
    "id": "alpha_video_077",
    "output": "alpha_video_077",
    "customer_name": "John",
    "customer_domain": "www.internet.com",
	  "main_text": "This video is created to show you how my company can grow your business using the power of video marketing...",
	  "logo": "Logo_TV_2015.png",
    "customer_main_video": "Alpha_Electrician2.mov",
    "background": "bg.mov",
    "textcolor": "1F1F1F",
    "intro": "CustomerLogo_001.mov"
  },
  {
    "id": "alpha_video_078",
    "output": "alpha_video_078",
    "customer_name": "John",
    "customer_domain": "www.internet.com",
	  "main_text": "This video is created to show you how my company can grow your business using the power of video marketing...",
	  "logo": "Logo_TV_2015.png",
    "customer_main_video": "Alpha_EquipmentRental.mov",
    "background": "bg.mov",
    "textcolor": "1F1F1F",
    "intro": "CustomerLogo_001.mov"
  },
  {
    "id": "alpha_video_079",
    "output": "alpha_video_079",
    "customer_name": "John",
    "customer_domain": "www.internet.com",
	  "main_text": "This video is created to show you how my company can grow your business using the power of video marketing...",
	  "logo": "Logo_TV_2015.png",
    "customer_main_video": "Alpha_EstatePlanning.mov",
    "background": "bg.mov",
    "textcolor": "1F1F1F",
    "intro": "CustomerLogo_001.mov"
  },
  {
    "id": "alpha_video_080",
    "output": "alpha_video_080",
    "customer_name": "John",
    "customer_domain": "www.internet.com",
	  "main_text": "This video is created to show you how my company can grow your business using the power of video marketing...",
	  "logo": "Logo_TV_2015.png",
    "customer_main_video": "Alpha_EventManagement.mov",
    "background": "bg.mov",
    "textcolor": "1F1F1F",
    "intro": "CustomerLogo_001.mov"
  },
  {
    "id": "alpha_video_081",
    "output": "alpha_video_081",
    "customer_name": "John",
    "customer_domain": "www.internet.com",
	  "main_text": "This video is created to show you how my company can grow your business using the power of video marketing...",
	  "logo": "Logo_TV_2015.png",
    "customer_main_video": "Alpha_EventPlanner.mov",
    "background": "bg.mov",
    "textcolor": "1F1F1F",
    "intro": "CustomerLogo_001.mov"
  },
  {
    "id": "alpha_video_082",
    "output": "alpha_video_082",
    "customer_name": "John",
    "customer_domain": "www.internet.com",
	  "main_text": "This video is created to show you how my company can grow your business using the power of video marketing...",
	  "logo": "Logo_TV_2015.png",
    "customer_main_video": "Alpha_EyeBrowThreading.mov",
    "background": "bg.mov",
    "textcolor": "1F1F1F",
    "intro": "CustomerLogo_001.mov"
  },
  {
    "id": "alpha_video_083",
    "output": "alpha_video_083",
    "customer_name": "John",
    "customer_domain": "www.internet.com",
	  "main_text": "This video is created to show you how my company can grow your business using the power of video marketing...",
	  "logo": "Logo_TV_2015.png",
    "customer_main_video": "Alpha_EyelashExtensions.mov",
    "background": "bg.mov",
    "textcolor": "1F1F1F",
    "intro": "CustomerLogo_001.mov"
  },
  {
    "id": "alpha_video_084",
    "output": "alpha_video_084",
    "customer_name": "John",
    "customer_domain": "www.internet.com",
	  "main_text": "This video is created to show you how my company can grow your business using the power of video marketing...",
	  "logo": "Logo_TV_2015.png",
    "customer_main_video": "Alpha_FencingCompany.mov",
    "background": "bg.mov",
    "textcolor": "1F1F1F",
    "intro": "CustomerLogo_001.mov"
  },
  {
    "id": "alpha_video_085",
    "output": "alpha_video_085",
    "customer_name": "John",
    "customer_domain": "www.internet.com",
	  "main_text": "This video is created to show you how my company can grow your business using the power of video marketing...",
	  "logo": "Logo_TV_2015.png",
    "customer_main_video": "Alpha_FinancialPlanner.mov",
    "background": "bg.mov",
    "textcolor": "1F1F1F",
    "intro": "CustomerLogo_001.mov"
  },
  {
    "id": "alpha_video_086",
    "output": "alpha_video_086",
    "customer_name": "John",
    "customer_domain": "www.internet.com",
	  "main_text": "This video is created to show you how my company can grow your business using the power of video marketing...",
	  "logo": "Logo_TV_2015.png",
    "customer_main_video": "Alpha_FireRestoration.mov",
    "background": "bg.mov",
    "textcolor": "1F1F1F",
    "intro": "CustomerLogo_001.mov"
  },
  {
    "id": "alpha_video_087",
    "output": "alpha_video_087",
    "customer_name": "John",
    "customer_domain": "www.internet.com",
	  "main_text": "This video is created to show you how my company can grow your business using the power of video marketing...",
	  "logo": "Logo_TV_2015.png",
    "customer_main_video": "Alpha_FloodRestoration.mov",
    "background": "bg.mov",
    "textcolor": "1F1F1F",
    "intro": "CustomerLogo_001.mov"
  },
  {
    "id": "alpha_video_088",
    "output": "alpha_video_088",
    "customer_name": "John",
    "customer_domain": "www.internet.com",
	  "main_text": "This video is created to show you how my company can grow your business using the power of video marketing...",
	  "logo": "Logo_TV_2015.png",
    "customer_main_video": "Alpha_Florist.mov",
    "background": "bg.mov",
    "textcolor": "1F1F1F",
    "intro": "CustomerLogo_001.mov"
  },
  {
    "id": "alpha_video_089",
    "output": "alpha_video_089",
    "customer_name": "John",
    "customer_domain": "www.internet.com",
	  "main_text": "This video is created to show you how my company can grow your business using the power of video marketing...",
	  "logo": "Logo_TV_2015.png",
    "customer_main_video": "Alpha_ForeclosureDefense.mov",
    "background": "bg.mov",
    "textcolor": "1F1F1F",
    "intro": "CustomerLogo_001.mov"
  },
  {
    "id": "alpha_video_090",
    "output": "alpha_video_090",
    "customer_name": "John",
    "customer_domain": "www.internet.com",
	  "main_text": "This video is created to show you how my company can grow your business using the power of video marketing...",
	  "logo": "Logo_TV_2015.png",
    "customer_main_video": "Alpha_FreightServices.mov",
    "background": "bg.mov",
    "textcolor": "1F1F1F",
    "intro": "CustomerLogo_001.mov"
  },
  {
    "id": "alpha_video_091",
    "output": "alpha_video_091",
    "customer_name": "John",
    "customer_domain": "www.internet.com",
	  "main_text": "This video is created to show you how my company can grow your business using the power of video marketing...",
	  "logo": "Logo_TV_2015.png",
    "customer_main_video": "Alpha_FuneralServices.mov",
    "background": "bg.mov",
    "textcolor": "1F1F1F",
    "intro": "CustomerLogo_001.mov"
  },
  {
    "id": "alpha_video_092",
    "output": "alpha_video_092",
    "customer_name": "John",
    "customer_domain": "www.internet.com",
	  "main_text": "This video is created to show you how my company can grow your business using the power of video marketing...",
	  "logo": "Logo_TV_2015.png",
    "customer_main_video": "Alpha_FurnaceRepair.mov",
    "background": "bg.mov",
    "textcolor": "1F1F1F",
    "intro": "CustomerLogo_001.mov"
  },
  {
    "id": "alpha_video_093",
    "output": "alpha_video_093",
    "customer_name": "John",
    "customer_domain": "www.internet.com",
	  "main_text": "This video is created to show you how my company can grow your business using the power of video marketing...",
	  "logo": "Logo_TV_2015.png",
    "customer_main_video": "Alpha_GarageDoorCompany.mov",
    "background": "bg.mov",
    "textcolor": "1F1F1F",
    "intro": "CustomerLogo_001.mov"
  },
  {
    "id": "alpha_video_094",
    "output": "alpha_video_094",
    "customer_name": "John",
    "customer_domain": "www.internet.com",
	  "main_text": "This video is created to show you how my company can grow your business using the power of video marketing...",
	  "logo": "Logo_TV_2015.png",
    "customer_main_video": "Alpha_GolfInstruction.mov",
    "background": "bg.mov",
    "textcolor": "1F1F1F",
    "intro": "CustomerLogo_001.mov"
  },
  {
    "id": "alpha_video_095",
    "output": "alpha_video_095",
    "customer_name": "John",
    "customer_domain": "www.internet.com",
	  "main_text": "This video is created to show you how my company can grow your business using the power of video marketing...",
	  "logo": "Logo_TV_2015.png",
    "customer_main_video": "Alpha_GolfShop.mov",
    "background": "bg.mov",
    "textcolor": "1F1F1F",
    "intro": "CustomerLogo_001.mov"
  },
  {
    "id": "alpha_video_096",
    "output": "alpha_video_096",
    "customer_name": "John",
    "customer_domain": "www.internet.com",
	  "main_text": "This video is created to show you how my company can grow your business using the power of video marketing...",
	  "logo": "Logo_TV_2015.png",
    "customer_main_video": "Alpha_GoogleMaps.mov",
    "background": "bg.mov",
    "textcolor": "1F1F1F",
    "intro": "CustomerLogo_001.mov"
  },
  {
    "id": "alpha_video_097",
    "output": "alpha_video_097",
    "customer_name": "John",
    "customer_domain": "www.internet.com",
	  "main_text": "This video is created to show you how my company can grow your business using the power of video marketing...",
	  "logo": "Logo_TV_2015.png",
    "customer_main_video": "Alpha_GraphicDesigner.mov",
    "background": "bg.mov",
    "textcolor": "1F1F1F",
    "intro": "CustomerLogo_001.mov"
  },
  {
    "id": "alpha_video_098",
    "output": "alpha_video_098",
    "customer_name": "John",
    "customer_domain": "www.internet.com",
	  "main_text": "This video is created to show you how my company can grow your business using the power of video marketing...",
	  "logo": "Logo_TV_2015.png",
    "customer_main_video": "Alpha_GutterCleaning.mov",
    "background": "bg.mov",
    "textcolor": "1F1F1F",
    "intro": "CustomerLogo_001.mov"
  },
  {
    "id": "alpha_video_099",
    "output": "alpha_video_099",
    "customer_name": "John",
    "customer_domain": "www.internet.com",
	  "main_text": "This video is created to show you how my company can grow your business using the power of video marketing...",
	  "logo": "Logo_TV_2015.png",
    "customer_main_video": "Alpha_Gym-Female.mov",
    "background": "bg.mov",
    "textcolor": "1F1F1F",
    "intro": "CustomerLogo_001.mov"
  },
  {
    "id": "alpha_video_100",
    "output": "alpha_video_100",
    "customer_name": "John",
    "customer_domain": "www.internet.com",
	  "main_text": "This video is created to show you how my company can grow your business using the power of video marketing...",
	  "logo": "Logo_TV_2015.png",
    "customer_main_video": "Alpha_Gym.mov",
    "background": "bg.mov",
    "textcolor": "1F1F1F",
    "intro": "CustomerLogo_001.mov"
  }
]